id,idNivel1,Nivel1,idnivel2,Nivel2,idNivel3,Nivel3,idNivel4,Nivel4,idNivel5,Nivel5,idNivel6,Nivel6,ClaveN1,ClaveN2,ClaveN3,ClaveN4,ClaveN5,ClaveN6,descrip
1,1,Topografía,1,Terrestre,,,,,,,,,topog,terrest,,,,,Topografía                Terrestre
2,1,Topografía,2,Marino,,,,,,,,,topog,marino,,,,,Topografía                Marino
3,1,Topografía,3,Mapas históricos,,,,,,,,,topog,maphis,,,,,Topografía                Mapas históricos
4,1,Topografía,4,Información general,,,,,,,,,topog,infgrt,,,,,Topografía                Información general
5,2,Hidrología,1,Ríos,,,,,,,,,hidro,rios,,,,,Hidrología                Ríos
6,2,Hidrología,2,Cuerpos de Agua,,,,,,,,,hidro,cagua,,,,,Hidrología                Cuerpos de Agua
7,2,Hidrología,3,Regiones hidrológicas y Cuencas,,,,,,,,,hidro,chidro,,,,,Hidrología                Regiones hidrológicas y Cuencas
8,2,Hidrología,4,Información general,,,,,,,,,hidro,infgrh,,,,,Hidrología                Información general
9,3,Edafología,1,Tipos de suelos,,,,,,,,,edafo,tsuelo,,,,,Edafología                Tipos de suelos
10,3,Edafología,2,Degradación de suelos,,,,,,,,,edafo,dsuelo,,,,,Edafología                Degradación de suelos
11,3,Edafología,3,Regímenes de humedad,,,,,,,,,edafo,rhumed,,,,,Edafología                Regímenes de humedad
12,4,Geología,1,Tipos de rocas,,,,,,,,,geolo,trocas,,,,,Geología                  Tipos de rocas
13,4,Geología,2,Fallas y fracturas,,,,,,,,,geolo,fayfra,,,,,Geología                  Fallas y fracturas
14,4,Geología,3,Puntos de referencia,,,,,,,,,geolo,prefer,,,,,Geología                  Puntos de referencia
15,5,Climatología,1,Climas,,,,,,,,,clima,climas,,,,,Climatología              Climas
16,5,Climatología,2,Precipitación,,,,,,,,,clima,precip,,,,,Climatología              Precipitación
17,5,Climatología,3,Temperatura,,,,,,,,,clima,temper,,,,,Climatología              Temperatura
18,5,Climatología,4,Radiación solar,,,,,,,,,clima,rsolar,,,,,Climatología              Radiación solar
19,5,Climatología,5,Insolación,,,,,,,,,clima,insola,,,,,Climatología              Insolación
20,5,Climatología,6,Evapotranspiración,,,,,,,,,clima,evapot,,,,,Climatología              Evapotranspiración
21,6,Vegetación y Uso de Suelo,1,INEGI,,,,,,,,,usv,inegi,,,,,Vegetación y Uso de Suelo INEGI
22,6,Vegetación y Uso de Suelo,2,INF,,,,,,,,,usv,inf,,,,,Vegetación y Uso de Suelo INF
23,6,Vegetación y Uso de Suelo,3,Otras,,,,,,,,,usv,otras,,,,,Vegetación y Uso de Suelo Otras
24,7,Sitios de recolecta,1,Terrestres,,,,,,,,,colec,cterre,,,,,Sitios de recolecta      Terrestres
25,7,Sitios de recolecta,2,Acuáticos,,,,,,,,,colec,cacua,,,,,Sitios de recolecta      Acuáticos
26,8,División política,1,Estatal,,,,,,,,,dipol,estata,,,,,División política         Estatal
27,8,División política,2,Municipal,,,,,,,,,dipol,mupal,,,,,División política         Municipal
28,8,División política,3,Zona económica,,,,,,,,,dipol,zee,,,,,División política         Zona económica
29,9,Población,1,Aspectos generales,,,,,,,,,pobla,asgral,,,,,Población                 Aspectos generales
30,9,Población,2,Indígena,,,,,,,,,pobla,indige,,,,,Población                 Indígena
31,10,Infraestructura,1,Vías de comunicación,,,,,,,,,infra,vcomun,,,,,Infraestructura           Vías de comunicación
32,10,Infraestructura,2,Puertos,,,,,,,,,infra,puerto,,,,,Infraestructura           Puertos
33,10,Infraestructura,3,Aeropuertos,,,,,,,,,infra,aeropu,,,,,Infraestructura           Aeropuertos
34,10,Infraestructura,4,Puentes,,,,,,,,,infra,puente,,,,,Infraestructura           Puentes
35,11,Regionalización,1,Físicas,,,,,,,,,region,fisica,,,,,Regionalización           Físicas
36,11,Regionalización,2,Bióticas,,,,,,,,,region,biotic,,,,,Regionalización           Bióticas
37,13,Cartografia resultado de Proyectos,1,Preparación del mapa de antropización del noroeste del país (K032),,,,,,,,,proye,K032,,,,,Proyectos                 K032
38,13,Cartografia resultado de Proyectos,2,Estudio ecológico y genético de las poblaciones de Rhizophora mangle en México (B007),,,,,,,,,proye,B007,,,,,Proyectos                 B007
39,13,Cartografia resultado de Proyectos,3,Deforestación y fragmentación del hábitat de la selva tropical estacional (B033),,,,,,,,,proye,B033,,,,,Proyectos                 B033
40,13,Cartografia resultado de Proyectos,4,Análisis de la heterogeneidad ambiental y conectividad de las AN del sur del Valle de México (B144),,,,,,,,,proye,B144,,,,,Proyectos                 B144
41,13,Cartografia resultado de Proyectos,5,Proyecto piloto para vivieros in-situ de las cycadas Dioon merolae y ceratozamia (C120),,,,,,,,,proye,C120,,,,,Proyectos                 C120
42,13,Cartografia resultado de Proyectos,6,"Mammillaria pectinifera Weber y Pachycereus fulviceps Weber en el Valle de Zapotitlán, Pue (G022)",,,,,,,,,proye,G022,,,,,Proyectos                 G022
43,13,Cartografia resultado de Proyectos,7,Análisis de viabilidad para poblaciones de la cactácea amenazada Ariocarpus trigonus (G037),,,,,,,,,proye,G037,,,,,Proyectos                 G037
44,13,Cartografia resultado de Proyectos,8,"Variación genética del manatí (Trichechus manatus), SE de México (H164)",,,,,,,,,proye,H164,,,,,Proyectos                 H164
45,13,Cartografia resultado de Proyectos,9,Sistema de apoyo a la toma de decisiones para la reforestación rural en México (J063),,,,,,,,,proye,J063,,,,,Proyectos                 J063
46,13,Cartografia resultado de Proyectos,10,Distribución conocida y potencial de 48 especies de hongos silvestres en el centro del país (J064),,,,,,,,,proye,J064,,,,,Proyectos                 J064
47,13,Cartografia resultado de Proyectos,11,Ordenamiento ambiental y uso de los recursos naturales de Veracruz (E010),,,,,,,,,proye,E010,,,,,Proyectos                 E010
48,13,Cartografia resultado de Proyectos,12,"Migración, movimiento y distribución estacional del cachalote en el Golfo de California (L073)",,,,,,,,,proye,L073,,,,,Proyectos                 L073
49,13,Cartografia resultado de Proyectos,13,"Diagnóstico del ecosistema de manglar en el sistema lagunar Nichupté Bojórquez, Qroo (BQ006)",,,,,,,,,proye,BQ006,,,,,Proyectos                 BQ006
50,13,Cartografia resultado de Proyectos,14,Biodiversidad de Veracruz: La diversidad vegetal (E008),,,,,,,,,proye,E008,,,,,Proyectos                 E008
51,13,Cartografia resultado de Proyectos,15,Inventario nacional de especies vegetales y animales de uso artesanal (J002),,,,,,,,,proye,J002,,,,,Proyectos                 J002
52,13,Cartografia resultado de Proyectos,16,Diagnóstico de los escenarios de la biodiversidad de México(ecogeográfico): segunda fase (E021),,,,,,,,,proye,E021,,,,,Proyectos                 E021
53,13,Cartografia resultado de Proyectos,17,Sistema de información geográfica sobre la herpetofauna del Estado de México (H103),,,,,,,,,proye,H103,,,,,Proyectos                 H103
54,13,Cartografia resultado de Proyectos,18,"Evaluación del ámbito hogareño y calidad del borrego cimarrón, berrendo sonorense (L112)",,,,,,,,,proye,L112,,,,,Proyectos                 L112
55,13,Cartografia resultado de Proyectos,19,Evaluación en la asignación de las categorías de riesgo para especies de mamíferos terrestres (U032),,,,,,,,,proye,U032,,,,,Proyectos                 U032
56,13,Cartografia resultado de Proyectos,20,"Uso actual del suelo y estado de conservación de la Reserva de la Biósfera Calakmul, Camp (J118)",,,,,,,,,proye,J118,,,,,Proyectos                 J118
58,13,Cartografia resultado de Proyectos,21,"Actualización del mapa de uso del suelo, vegetación y hábitats críticos, Laguna de Términos (N011)",,,,,,,,,proye,N011,,,,,Proyectos                 N011
59,8,División política,4,Limite,,,,,,,,,dipol,limite,,,,,División política         Limite
60,13,Cartografia resultado de Proyectos,22,Restauración de las Lagunas de Saltillo y Jasso (CJ075),,,,,,,,,proye,CJ075,,,,,Proyectos                 CJ075
61,13,Cartografia resultado de Proyectos,23,Áreas de crianza de tiburones en el Golfo de California (L054),,,,,,,,,proye,L054,,,,,Proyectos                 L054
62,13,Cartografia resultado de Proyectos,24,"Fragmentación de hábitats y evaluación de la biodiversidad en la región Los Petenes, Camp (Q026)",,,,,,,,,proye,Q026,,,,,Proyectos                 Q026
63,13,Cartografia resultado de Proyectos,25,Modelado de la propagación del virus en el norte de América (AE023),,,,,,,,,proye,AE023,,,,,Proyectos                 AE023
64,14,Centroamérica,1,Belice,1,Topografía,,,,,,,cetam,cabelic,cabtopog,,,,Centroamérica     Centroamérica     Belice                    Topografía
65,14,Centroamérica,1,Belice,2,Hidrología,,,,,,,cetam,cabelic,cabhidro,,,,Centroamérica     Centroamérica     Belice                    Hidrología
66,14,Centroamérica,1,Belice,3,Edafología,,,,,,,cetam,cabelic,cabedafo,,,,Centroamérica     Centroamérica     Belice                    Edafología
67,14,Centroamérica,1,Belice,4,Geología,,,,,,,cetam,cabelic,cabgeolo,,,,Centroamérica     Centroamérica     Belice                    Geología
68,14,Centroamérica,1,Belice,5,Climatología,,,,,,,cetam,cabelic,cabclima,,,,Centroamérica     Centroamérica     Belice                    Climatología
69,14,Centroamérica,1,Belice,6,Vegetación y Uso de Suelo,,,,,,,cetam,cabelic,cabusv,,,,Centroamérica     Centroamérica     Belice                    Vegetación y Uso de Suelo
70,14,Centroamérica,1,Belice,7,Colecciones ,,,,,,,cetam,cabelic,cabcolec,,,,Centroamérica     Centroamérica     Belice                    Colecciones
71,14,Centroamérica,1,Belice,8,División política,,,,,,,cetam,cabelic,cabdipol,,,,Centroamérica     Centroamérica     Belice                    División política
72,14,Centroamérica,1,Belice,9,Población,,,,,,,cetam,cabelic,cabpobla,,,,Centroamérica     Centroamérica     Belice                    Población
73,14,Centroamérica,1,Belice,10,Infraestructura,,,,,,,cetam,cabelic,cabinfra,,,,Centroamérica     Centroamérica     Belice                    Infraestructura
74,14,Centroamérica,1,Belice,11,Regionalización,,,,,,,cetam,cabelic,cabregion,,,,Centroamérica     Centroamérica     Belice                    Regionalización
75,14,Centroamérica,1,Belice,12,Proyectos,,,,,,,cetam,cabelic,cabproye,,,,Centroamérica     Centroamérica     Belice                    Proyectos
76,14,Centroamérica,2,Guatemala,1,Topografía,,,,,,,cetam,caguat,cagtopog,,,,Centroamérica     Centroamérica     Guatemala             Topografía
77,14,Centroamérica,2,Guatemala,2,Hidrología,,,,,,,cetam,caguat,caghidro,,,,Centroamérica     Centroamérica     Guatemala             Hidrología
78,14,Centroamérica,2,Guatemala,3,Edafología,,,,,,,cetam,caguat,cagedafo,,,,Centroamérica     Centroamérica     Guatemala             Edafología
79,14,Centroamérica,2,Guatemala,4,Geología,,,,,,,cetam,caguat,caggeolo,,,,Centroamérica     Centroamérica     Guatemala             Geología
80,14,Centroamérica,2,Guatemala,5,Climatología,,,,,,,cetam,caguat,cagclima,,,,Centroamérica     Centroamérica     Guatemala             Climatología
81,14,Centroamérica,2,Guatemala,6,Vegetación y Uso de Suelo,,,,,,,cetam,caguat,cagusv,,,,Centroamérica     Centroamérica     Guatemala             Vegetación y Uso de Suelo
82,14,Centroamérica,2,Guatemala,7,Colecciones ,,,,,,,cetam,caguat,cagcolec,,,,Centroamérica     Centroamérica     Guatemala             Colecciones
83,14,Centroamérica,2,Guatemala,8,División política,,,,,,,cetam,caguat,cagdipol,,,,Centroamérica     Centroamérica     Guatemala             División política
84,14,Centroamérica,2,Guatemala,9,Población,,,,,,,cetam,caguat,cagpobla,,,,Centroamérica     Centroamérica     Guatemala             Población
85,14,Centroamérica,2,Guatemala,10,Infraestructura,,,,,,,cetam,caguat,caginfra,,,,Centroamérica     Centroamérica     Guatemala             Infraestructura
86,14,Centroamérica,2,Guatemala,11,Regionalización,,,,,,,cetam,caguat,cagregion,,,,Centroamérica     Centroamérica     Guatemala             Regionalización
87,14,Centroamérica,2,Guatemala,12,Proyectos,,,,,,,cetam,caguat,cagproye,,,,Centroamérica     Centroamérica     Guatemala             Proyectos
88,14,Centroamérica,3,Honduras,1,Topografía,,,,,,,cetam,cahond,cahtopog,,,,Centroamérica     Centroamérica     Honduras               Topografía
89,14,Centroamérica,3,Honduras,2,Hidrología,,,,,,,cetam,cahond,cahhidro,,,,Centroamérica     Centroamérica     Honduras               Hidrología
90,14,Centroamérica,3,Honduras,3,Edafología,,,,,,,cetam,cahond,cahedafo,,,,Centroamérica     Centroamérica     Honduras               Edafología
91,14,Centroamérica,3,Honduras,4,Geología,,,,,,,cetam,cahond,cahgeolo,,,,Centroamérica     Centroamérica     Honduras               Geología
92,14,Centroamérica,3,Honduras,5,Climatología,,,,,,,cetam,cahond,cahclima,,,,Centroamérica     Centroamérica     Honduras               Climatología
93,14,Centroamérica,3,Honduras,6,Vegetación y Uso de Suelo,,,,,,,cetam,cahond,cahusv,,,,Centroamérica     Centroamérica     Honduras               Vegetación y Uso de Suelo
94,14,Centroamérica,3,Honduras,7,Colecciones ,,,,,,,cetam,cahond,cahcolec,,,,Centroamérica     Centroamérica     Honduras               Colecciones
95,14,Centroamérica,3,Honduras,8,División política,,,,,,,cetam,cahond,cahdipol,,,,Centroamérica     Centroamérica     Honduras               División política
96,14,Centroamérica,3,Honduras,9,Población,,,,,,,cetam,cahond,cahpobla,,,,Centroamérica     Centroamérica     Honduras               Población
97,14,Centroamérica,3,Honduras,10,Infraestructura,,,,,,,cetam,cahond,cahinfra,,,,Centroamérica     Centroamérica     Honduras               Infraestructura
98,14,Centroamérica,3,Honduras,11,Regionalización,,,,,,,cetam,cahond,cahregion,,,,Centroamérica     Centroamérica     Honduras               Regionalización
99,14,Centroamérica,3,Honduras,12,Proyectos,,,,,,,cetam,cahond,cahproye,,,,Centroamérica     Centroamérica     Honduras               Proyectos
100,14,Centroamérica,4,El Salvador,1,Topografía,,,,,,,cetam,caelsal,castopog,,,,Centroamérica     Centroamérica     El Salvador            Topografía
101,14,Centroamérica,4,El Salvador,2,Hidrología,,,,,,,cetam,caelsal,cashidro,,,,Centroamérica     Centroamérica     El Salvador             Hidrología
102,14,Centroamérica,4,El Salvador,3,Edafología,,,,,,,cetam,caelsal,casedafo,,,,Centroamérica     Centroamérica     El Salvador             Edafología
103,14,Centroamérica,4,El Salvador,4,Geología,,,,,,,cetam,caelsal,casgeolo,,,,Centroamérica     Centroamérica     El Salvador             Geología
104,14,Centroamérica,4,El Salvador,5,Climatología,,,,,,,cetam,caelsal,casclima,,,,Centroamérica     Centroamérica     El Salvador             Climatología
105,14,Centroamérica,4,El Salvador,6,Vegetación y Uso de Suelo,,,,,,,cetam,caelsal,casusv,,,,Centroamérica     Centroamérica     El Salvador             Vegetación y Uso de Suelo
106,14,Centroamérica,4,El Salvador,7,Colecciones ,,,,,,,cetam,caelsal,cascolec,,,,Centroamérica     Centroamérica     El Salvador             Colecciones
107,14,Centroamérica,4,El Salvador,8,División política,,,,,,,cetam,caelsal,casdipol,,,,Centroamérica     Centroamérica     El Salvador             División política
108,14,Centroamérica,4,El Salvador,9,Población,,,,,,,cetam,caelsal,caspobla,,,,Centroamérica     Centroamérica     El Salvador             Población
109,14,Centroamérica,4,El Salvador,10,Infraestructura,,,,,,,cetam,caelsal,casinfra,,,,Centroamérica     Centroamérica     El Salvador             Infraestructura
110,14,Centroamérica,4,El Salvador,11,Regionalización,,,,,,,cetam,caelsal,casregion,,,,Centroamérica     Centroamérica     El Salvador             Regionalización
111,14,Centroamérica,4,El Salvador,12,Proyectos,,,,,,,cetam,caelsal,casproye,,,,Centroamérica     Centroamérica     El Salvador             Proyectos
112,14,Centroamérica,5,Nicaragua,1,Topografía,,,,,,,cetam,canicag,cantopog,,,,Centroamérica     Centroamérica     Nicaragua               Topografía
113,14,Centroamérica,5,Nicaragua,2,Hidrología,,,,,,,cetam,canicag,canhidro,,,,Centroamérica     Centroamérica     Nicaragua               Hidrología
114,14,Centroamérica,5,Nicaragua,3,Edafología,,,,,,,cetam,canicag,canedafo,,,,Centroamérica     Centroamérica     Nicaragua               Edafología
115,14,Centroamérica,5,Nicaragua,4,Geología,,,,,,,cetam,canicag,cangeolo,,,,Centroamérica     Centroamérica     Nicaragua               Geología
116,14,Centroamérica,5,Nicaragua,5,Climatología,,,,,,,cetam,canicag,canclima,,,,Centroamérica     Centroamérica     Nicaragua               Climatología
117,14,Centroamérica,5,Nicaragua,6,Vegetación y Uso de Suelo,,,,,,,cetam,canicag,canusv,,,,Centroamérica     Centroamérica     Nicaragua               Vegetación y Uso de Suelo
118,14,Centroamérica,5,Nicaragua,7,Colecciones ,,,,,,,cetam,canicag,cancolec,,,,Centroamérica     Centroamérica     Nicaragua               Colecciones
119,14,Centroamérica,5,Nicaragua,8,División política,,,,,,,cetam,canicag,candipol,,,,Centroamérica     Centroamérica     Nicaragua               División política
120,14,Centroamérica,5,Nicaragua,9,Población,,,,,,,cetam,canicag,canpobla,,,,Centroamérica     Centroamérica     Nicaragua               Población
121,14,Centroamérica,5,Nicaragua,10,Infraestructura,,,,,,,cetam,canicag,caninfra,,,,Centroamérica     Centroamérica     Nicaragua               Infraestructura
122,14,Centroamérica,5,Nicaragua,11,Regionalización,,,,,,,cetam,canicag,canregion,,,,Centroamérica     Centroamérica     Nicaragua               Regionalización
123,14,Centroamérica,5,Nicaragua,12,Proyectos,,,,,,,cetam,canicag,canproye,,,,Centroamérica     Centroamérica     Nicaragua               Proyectos
124,14,Centroamérica,6,Panamá,1,Topografía,,,,,,,cetam,capanam,captopog,,,,Centroamérica     Centroamérica     Panamá                  Topografía
125,14,Centroamérica,6,Panamá,2,Hidrología,,,,,,,cetam,capanam,caphidro,,,,Centroamérica     Centroamérica     Panamá                  Hidrología
126,14,Centroamérica,6,Panamá,3,Edafología,,,,,,,cetam,capanam,capedafo,,,,Centroamérica     Centroamérica     Panamá                  Edafología
127,14,Centroamérica,6,Panamá,4,Geología,,,,,,,cetam,capanam,capgeolo,,,,Centroamérica     Centroamérica     Panamá                  Geología
128,14,Centroamérica,6,Panamá,5,Climatología,,,,,,,cetam,capanam,capclima,,,,Centroamérica     Centroamérica     Panamá                  Climatología
129,14,Centroamérica,6,Panamá,6,Vegetación y Uso de Suelo,,,,,,,cetam,capanam,capusv,,,,Centroamérica     Centroamérica     Panamá                  Vegetación y Uso de Suelo
130,14,Centroamérica,6,Panamá,7,Colecciones ,,,,,,,cetam,capanam,capcolec,,,,Centroamérica     Centroamérica     Panamá                  Colecciones
131,14,Centroamérica,6,Panamá,8,División política,,,,,,,cetam,capanam,capdipol,,,,Centroamérica     Centroamérica     Panamá                  División política
132,14,Centroamérica,6,Panamá,9,Población,,,,,,,cetam,capanam,cappobla,,,,Centroamérica     Centroamérica     Panamá                  Población
133,14,Centroamérica,6,Panamá,10,Infraestructura,,,,,,,cetam,capanam,capinfra,,,,Centroamérica     Centroamérica     Panamá                  Infraestructura
134,14,Centroamérica,6,Panamá,11,Regionalización,,,,,,,cetam,capanam,capregion,,,,Centroamérica     Centroamérica     Panamá                  Regionalización
135,14,Centroamérica,6,Panamá,12,Proyectos,,,,,,,cetam,capanam,capproye,,,,Centroamérica     Centroamérica     Panamá                  Proyectos
136,14,Centroamérica,7,Costa Rica,1,Topografía,,,,,,,cetam,cacosri,cartopog,,,,Centroamérica     Centroamérica     Costa Rica              Topografía
137,14,Centroamérica,7,Costa Rica,2,Hidrología,,,,,,,cetam,cacosri,carhidro,,,,Centroamérica     Centroamérica     Costa Rica              Hidrología
138,14,Centroamérica,7,Costa Rica,3,Edafología,,,,,,,cetam,cacosri,caredafo,,,,Centroamérica     Centroamérica     Costa Rica              Edafología
139,14,Centroamérica,7,Costa Rica,4,Geología,,,,,,,cetam,cacosri,cargeolo,,,,Centroamérica     Centroamérica     Costa Rica              Geología
140,14,Centroamérica,7,Costa Rica,5,Climatología,,,,,,,cetam,cacosri,carclima,,,,Centroamérica     Centroamérica     Costa Rica              Climatología
141,14,Centroamérica,7,Costa Rica,6,Vegetación y Uso de Suelo,,,,,,,cetam,cacosri,carusv,,,,Centroamérica     Centroamérica     Costa Rica              Vegetación y Uso de Suelo
142,14,Centroamérica,7,Costa Rica,7,Colecciones ,,,,,,,cetam,cacosri,carcolec,,,,Centroamérica     Centroamérica     Costa Rica              Colecciones
143,14,Centroamérica,7,Costa Rica,8,División política,,,,,,,cetam,cacosri,cardipol,,,,Centroamérica     Centroamérica     Costa Rica              División política
144,14,Centroamérica,7,Costa Rica,9,Población,,,,,,,cetam,cacosri,carpobla,,,,Centroamérica     Centroamérica     Costa Rica              Población
145,14,Centroamérica,7,Costa Rica,10,Infraestructura,,,,,,,cetam,cacosri,carinfra,,,,Centroamérica     Centroamérica     Costa Rica              Infraestructura
146,14,Centroamérica,7,Costa Rica,11,Regionalización,,,,,,,cetam,cacosri,carregion,,,,Centroamérica     Centroamérica     Costa Rica              Regionalización
147,14,Centroamérica,7,Costa Rica,12,Proyectos,,,,,,,cetam,cacosri,carproye,,,,Centroamérica     Centroamérica     Costa Rica              Proyectos
148,14,Centroamérica,8,General,1,Topografía,,,,,,,cetam,cacetam,cactopog,,,,Centroamérica     Centroamérica     General                   Topografía
149,14,Centroamérica,8,General,2,Hidrología,,,,,,,cetam,cacetam,cachidro,,,,Centroamérica     Centroamérica     General                   Hidrología
150,14,Centroamérica,8,General,3,Edafología,,,,,,,cetam,cacetam,cacedafo,,,,Centroamérica     Centroamérica     General                   Edafología
151,14,Centroamérica,8,General,4,Geología,,,,,,,cetam,cacetam,cacgeolo,,,,Centroamérica     Centroamérica     General                   Geología
152,14,Centroamérica,8,General,5,Climatología,,,,,,,cetam,cacetam,cacclima,,,,Centroamérica     Centroamérica     General                   Climatología
153,14,Centroamérica,8,General,6,Vegetación y Uso de Suelo,,,,,,,cetam,cacetam,cacusv,,,,Centroamérica     Centroamérica     General                   Vegetación y Uso de Suelo
154,14,Centroamérica,8,General,7,Colecciones ,,,,,,,cetam,cacetam,caccolec,,,,Centroamérica     Centroamérica     General                   Colecciones
155,14,Centroamérica,8,General,8,División política,,,,,,,cetam,cacetam,cacdipol,,,,Centroamérica     Centroamérica     General                   División política
156,14,Centroamérica,8,General,9,Población,,,,,,,cetam,cacetam,cacpobla,,,,Centroamérica     Centroamérica     General                   Población
157,14,Centroamérica,8,General,10,Infraestructura,,,,,,,cetam,cacetam,cacinfra,,,,Centroamérica     Centroamérica     General                   Infraestructura
158,14,Centroamérica,8,General,11,Regionalización,,,,,,,cetam,cacetam,cacregion,,,,Centroamérica     Centroamérica     General                   Regionalización
159,14,Centroamérica,8,General,12,Proyectos,,,,,,,cetam,cacetam,cacproye,,,,Centroamérica     Centroamérica     General                   Proyectos
160,13,Cartografia resultado de Proyectos,26,Evaluación y análisis geográfico de la diversidad faunística de Chiapas (P132),,,,,,,,,proye,P132,,,,,Proyectos                 P132
161,13,Cartografia resultado de Proyectos,27,Corredor Biológico Mesoamericano México (CBM-M),,,,,,,,,proye,CBMM,,,,,Proyectos                 CBMM
162,13,Cartografia resultado de Proyectos,28,Avifauna de la isla de Cozumel (B010),,,,,,,,,proye,B010,,,,,Proyectos                 B010
163,12,Biodiversidad,1,Riqueza de especies,3,Otros,,,,,,,biodiv,riqsp,rspotros,,,,Biodiversidad             Riqueza de especies
164,13,Cartografia resultado de Proyectos,29,Mapa regional de valores de fondo de elementos potencialmente tóxicos de México (GS002),,,,,,,,,proye,GS002,,,,,Proyectos                 GS002
165,13,Cartografia resultado de Proyectos,30,"Sierra de Huautla-Cerro Frío, Morelos: Proyecto de reserva de la biosfera (Q025)",,,,,,,,,proye,Q025,,,,,Proyectos                 Q025
166,13,Cartografia resultado de Proyectos,31,"Distribución histórica del lobo mexicano, Sur de la Sierra Madre Occidental México (BE029)",,,,,,,,,proye,BE029,,,,,Proyectos                 BE029
167,13,Cartografia resultado de Proyectos,32,"Género Passerina en La Sepultura, Chiapas (R006)",,,,,,,,,proye,R006,,,,,Proyectos                 R006
168,13,Cartografia resultado de Proyectos,33,Restauración de los humedales del delta del Bravo (CJ062),,,,,,,,,proye,CJ062,,,,,Proyectos                 CJ062
169,13,Cartografia resultado de Proyectos,34,Estudios previos justificativos para la declaratoria de ANP en Tamaulipas (DQ039),,,,,,,,,proye,DQ039,,,,,Proyectos                 DQ039
170,13,Cartografia resultado de Proyectos,35,Manglares de México (DQ056),,,,,,,,,proye,DQ056,,,,,Proyectos                 DQ056
171,15,Otros,1,Mapa Base y Cartas INEGI,,,,,,,,,noclas,ctmaba,,,,,No Clasificado             Mapa Base y Cartas INEGI
172,13,Cartografia resultado de Proyectos,36,Distribución potencial de las aves de México (CE015),,,,,,,,,proye,CE015,,,,,Proyectos                 CE015
173,5,Climatología,7,Eventos cíclicos o catastróficos,,,,,,,,,clima,event,,,,,Climatología              Eventos
174,12,Biodiversidad,2,Amenazas,,,,,,,,,biodiv,amenazas,,,,,Biodiversidad             Amenazas a la biodiversidad
175,12,Biodiversidad,3,Monitoreo de Manglares,,,,,,,,,biodiv,monmang,,,,,Biodiversidad             Monitoreo de Manglares
176,13,Cartografia resultado de Proyectos,37,Áreas potenciales de distribución de la herpetofauna de México (DS009),,,,,,,,,proye,DS009,,,,,Proyectos                 DS009
177,12,Biodiversidad,4,Distribución Potencial,1,Amphibia (Anfibios),1,Anura (Ranas y sapos),,,,,biodiv,distpot,amphibia,anura,,,Biodiversidad        Distribución Potencial    Amphibia   Anura
178,12,Biodiversidad,4,Distribución Potencial,1,Amphibia (Anfibios),2,Caudata (Salamandras),,,,,biodiv,distpot,amphibia,caudata,,,Biodiversidad        Distribución Potencial    Amphibia   Caudata
179,12,Biodiversidad,4,Distribución Potencial,1,Amphibia (Anfibios),3,Gymnophiona (Cecilias o cecílidos),,,,,biodiv,distpot,amphibia,gymnop,,,Biodiversidad        Distribución Potencial    Amphibia   Gymnophiona
180,12,Biodiversidad,4,Distribución Potencial,2,Reptilia (Reptiles),1,Amphisbaenia (Lagartijas topo),,,,,biodiv,distpot,reptilia,amphis,,,Biodiversidad        Distribución Potencial    Reptilia      Amphisbaenia
181,12,Biodiversidad,4,Distribución Potencial,2,Reptilia (Reptiles),2,Sauria (Lagartijas e iguanas),,,,,biodiv,distpot,reptilia,sauria,,,Biodiversidad        Distribución Potencial    Reptilia      Sauria
182,12,Biodiversidad,4,Distribución Potencial,2,Reptilia (Reptiles),3,"Serpentes (Culebras, víboras y serpientes)",,,,,biodiv,distpot,reptilia,serpent,,,Biodiversidad        Distribución Potencial    Reptilia      Serpentes
183,12,Biodiversidad,4,Distribución Potencial,2,Reptilia (Reptiles),4,Testudines (Tortugas),,,,,biodiv,distpot,reptilia,testud,,,Biodiversidad        Distribución Potencial    Reptilia      Testudines
184,12,Biodiversidad,5,Especies en riesgo y prioritarias,1,Probablemente Extinta silvestre (E ),1,Mammalia (Mamíferos),1,Carnivora (Carnívoros),,"",biodiv,spryp,e_pems,emamma,ecarniv,,Biodiversidad        Especies Prioritarias  (E )    Mammalia   Carnivora
185,12,Biodiversidad,5,Especies en riesgo y prioritarias,2,En Peligro de extinción (P),1,Mammalia (Mamíferos),2,Artiodactyla (Venados y antílopes),,"",biodiv,spryp,p_pe,pmamma,partioda,,Biodiversidad        Especies Prioritarias  (P)     Mammalia   Artiodactyla
186,12,Biodiversidad,5,Especies en riesgo y prioritarias,2,En Peligro de extinción (P),1,Mammalia (Mamíferos),3,Primates (Monos y simios),,"",biodiv,spryp,p_pe,pmamma,pprimate,,Biodiversidad        Especies Prioritarias  (P)     Mammalia   Primates
187,12,Biodiversidad,5,Especies en riesgo y prioritarias,2,En Peligro de extinción (P),1,Mammalia (Mamíferos),4,Rodentia (Roedores: ardillas y puerco espines),,"",biodiv,spryp,p_pe,pmamma,prodentia,,Biodiversidad        Especies Prioritarias  (P)     Mammalia   Rodentia
188,12,Biodiversidad,5,Especies en riesgo y prioritarias,2,En Peligro de extinción (P),1,Mammalia (Mamíferos),5,Lagomorpha (Conejos y liebres),,"",biodiv,spryp,p_pe,pmamma,plagpha,,Biodiversidad        Especies Prioritarias  (P)     Mammalia   Lagomorpha
189,12,Biodiversidad,5,Especies en riesgo y prioritarias,2,En Peligro de extinción (P),1,Mammalia (Mamíferos),6,"Perissodactyla (Caballos, asnos y tapires)",,"",biodiv,spryp,p_pe,pmamma,pperdacty,,Biodiversidad        Especies Prioritarias  (P)     Mammalia   Perissodactyla
190,12,Biodiversidad,5,Especies en riesgo y prioritarias,2,En Peligro de extinción (P),1,Mammalia (Mamíferos),7,"Cetacea (Ballenas, delfines y marsopas)",,"",biodiv,spryp,p_pe,pmamma,pcetacea,,Biodiversidad        Especies Prioritarias  (P)     Mammalia   Cetacea
191,12,Biodiversidad,5,Especies en riesgo y prioritarias,1,Probablemente Extinta silvestre (E ),2,Aves,1,Ciconiiformes (Cigüeñas y garzas),,"",biodiv,spryp,e_pems,eaves,ecicofo,,Biodiversidad        Especies Prioritarias  (E )    Aves        Ciconiiformes
192,12,Biodiversidad,5,Especies en riesgo y prioritarias,2,En Peligro de extinción (P),2,Aves,1,"Falconiformes (Águilas, halcones y zopilotes)",,"",biodiv,spryp,p_pe,paves,pfalcofo,,Biodiversidad        Especies Prioritarias  (P)     Aves        Falconiformes
193,12,Biodiversidad,5,Especies en riesgo y prioritarias,2,En Peligro de extinción (P),2,Aves,2,"Galliformes (Gallinas, codornices y chacalacas)",,"",biodiv,spryp,p_pe,paves,pgallifo,,Biodiversidad        Especies Prioritarias  (P)     Aves        Galliformes
194,12,Biodiversidad,5,Especies en riesgo y prioritarias,2,En Peligro de extinción (P),2,Aves,3,"Passeriformes (Gorriones, golondrinas y cenzontles)",,"",biodiv,spryp,p_pe,paves,ppassefo,,Biodiversidad        Especies Prioritarias  (P)     Aves        Passeriformes
195,12,Biodiversidad,5,Especies en riesgo y prioritarias,2,En Peligro de extinción (P),2,Aves,4,"Psittaciformes (Loros, pericos y cotorras)",,"",biodiv,spryp,p_pe,paves,ppsittfo,,Biodiversidad        Especies Prioritarias  (P)     Aves        Psittaciformes
196,12,Biodiversidad,5,Especies en riesgo y prioritarias,2,En Peligro de extinción (P),3,Reptilia (Reptiles),1,Testudines (Tortugas),,"",biodiv,spryp,p_pe,preptilia,ptestud,,Biodiversidad        Especies Prioritarias  (P)     Reptilia      Testudines
197,12,Biodiversidad,5,Especies en riesgo y prioritarias,4,Sujeta a protección especial (Pr),2,Amphibia (Anfibios),1,Caudata (Salamandras y ajolotes),,"",biodiv,spryp,pr_spe,pramphibia,prcaudata,,Biodiversidad        Especies Prioritarias  (Pr)     Amphibia   Caudata
198,12,Biodiversidad,5,Especies en riesgo y prioritarias,2,En Peligro de extinción (P),5,Plantae (Plantas),1,Magnoliopsida (Dicotiledóneas),1,Cactaceae (Cactos),biodiv,spryp,p_pe,pplant,pmagnolio,pcactacea,Biodiversidad        Especies Prioritarias  (P)     Magnoliopsida  Cactaceae
199,12,Biodiversidad,5,Especies en riesgo y prioritarias,4,Sujeta a protección especial (Pr),3,Plantae (Plantas),2,Magnoliopsida (Dicotiledóneas),4,Verbenaceae (Verbenáceas y mangle negro),biodiv,spryp,pr_spe,prplant,prmagnolio,prverbrnac,Biodiversidad        Especies Prioritarias  (Pr)    Magnoliopsida  Verbenaceae
200,12,Biodiversidad,5,Especies en riesgo y prioritarias,3,Amenazada (A),5,Plantae (Plantas),2,Liliopsida (Monocotiledóneas ),1,Nolinaceae (Nolinas ),biodiv,spryp,a_amenz,aplant,aliliopsi,anolinace,Biodiversidad        Especies Prioritarias  (A)     Liliopsida  Nolinaceae
201,12,Biodiversidad,5,Especies en riesgo y prioritarias,2,En Peligro de extinción (P),5,Plantae (Plantas),2,Liliopsida (Monocotiledóneas ),1,Arecaceae (Palmas),biodiv,spryp,p_pe,pplant,pliliopsi,parecacea,Biodiversidad        Especies Prioritarias  (P)     Liliopsida  Arecaceae
202,12,Biodiversidad,5,Especies en riesgo y prioritarias,3,Amenazada (A),5,Plantae (Plantas),1,Cycadopsida (Cícadas ),1,Zamiaceae (Palma real),biodiv,spryp,a_amenz,aplant,acycadops,azamiacea,Biodiversidad        Especies Prioritarias  (A)     Cycadopsida  Zamiaceae
266,12,Biodiversidad,4,Distribución Potencial,3,Aves (Aves),14,Phoenicopteriformes (Flamencos),,,,,biodiv,distpot,dpaves,dpavphoe,,,Biodiversidad        Distribución Potencial    Aves    Phoenicopteriformes (Flamencos)
203,12,Biodiversidad,5,Especies en riesgo y prioritarias,5,Especies fuera de la NOM,2,Plantae (Plantas),1,Magnoliopsida (Dicotiledóneas),2,Fouquieriaceae (Ocotillo y cirio),biodiv,spryp,sr_efn,srplant,srmagnoli,srfouquie,Biodiversidad        Especies Prioritarias  (sr)    Magnoliopsida  Fouquieriaceae
204,12,Biodiversidad,5,Especies en riesgo y prioritarias,4,Sujeta a protección especial (Pr),3,Plantae (Plantas),1,Liliopsida (Monocotiledóneas ),1,Triuridaceae (Lacandonia),biodiv,spryp,pr_spe,prplant,prliliopsi,prtriurida,Biodiversidad        Especies Prioritarias  (Pr)    Liliopsida  Triuridaceae
205,12,Biodiversidad,5,Especies en riesgo y prioritarias,4,Sujeta a protección especial (Pr),3,Plantae (Plantas),2,Magnoliopsida (Dicotiledóneas),2,Combretaceae (Mangle botonsillo),biodiv,spryp,pr_spe,prplant,prmagnolio,prcombreta,Biodiversidad        Especies Prioritarias  (Pr)    Magnoliopsida  Combretaceae
206,12,Biodiversidad,5,Especies en riesgo y prioritarias,4,Sujeta a protección especial (Pr),3,Plantae (Plantas),2,Magnoliopsida (Dicotiledóneas),3,Fabaceae (Leguminosas y palo fierro),biodiv,spryp,pr_spe,prplant,prmagnolio,prfabaceae,Biodiversidad        Especies Prioritarias  (Pr)    Magnoliopsida  Fabaceae
207,13,Cartografia resultado de Proyectos,38,Distribución del pavo ocelado (R114),,,,,,,,,proye,R114,,,,,Proyectos                 R114
208,13,Cartografia resultado de Proyectos,39,Diagnóstico de daños por incendios forestales en el predio El Taray (EQ024),,,,,,,,,proye,EQ024,,,,,Proyectos                 EQ024
209,13,Cartografia resultado de Proyectos,40,Evaluación y diseño del corredor Sian Ka'an Calakmul (BJ006),,,,,,,,,proye,BJ006,,,,,Proyectos                 BJ006
210,13,Cartografia resultado de Proyectos,41,Programas de Conservación y Manejo para la Región Frontera Sur (DQ014),,,,,,,,,proye,DQ014,,,,,Proyectos                 DQ014
211,13,Cartografia resultado de Proyectos,42,Estudio cuantitativo de playas y colindancias del Municipio Benito Juárez (BQ008),,,,,,,,,proye,BQ008,,,,,Proyectos                 BQ008
212,13,Cartografia resultado de Proyectos,43,Caracterización del hábitat del gorrión serrano (R108),,,,,,,,,proye,R108,,,,,Proyectos                 R108
214,12,Biodiversidad,5,Especies en riesgo y prioritarias,2,En Peligro de extinción (P),1,Mammalia (Mamíferos),1,Carnivora (Carnívoros),,"",biodiv,spryp,p_pe,pmamma,pcarniv,,Biodiversidad        Especies Prioritarias  (P)     Mammalia   Carnivora
215,12,Biodiversidad,5,Especies en riesgo y prioritarias,5,Especies fuera de la NOM,1,Mammalia (Mamíferos),1,Artiodactyla (Venados y antílopes),,"",biodiv,spryp,sr_efn,srmamma,srartioda,,Biodiversidad        Especies Prioritarias  (sr)    Mammalia   Artiodactyla
216,12,Biodiversidad,5,Especies en riesgo y prioritarias,3,Amenazada (A),1,Mammalia (Mamíferos),1,Rodentia (Roedores: ardillas y puerco espines),,"",biodiv,spryp,a_amenz,amamma,arodentia,,Biodiversidad        Especies Prioritarias  (A)     Mammalia   Rodentia
217,12,Biodiversidad,5,Especies en riesgo y prioritarias,4,Sujeta a protección especial (Pr),1,Mammalia (Mamíferos),1,"Cetacea (Ballenas, delfines y marsopas)",,"",biodiv,spryp,pr_spe,prmamma,prcetacea,,Biodiversidad        Especies Prioritarias  (Pr)    Mammalia   Cetacea
218,12,Biodiversidad,5,Especies en riesgo y prioritarias,3,Amenazada (A),2,Aves,1,"Falconiformes (Águilas, halcones y zopilotes)",,"",biodiv,spryp,a_amenz,aaves,afalcofo,,Biodiversidad        Especies Prioritarias  (A)     Aves        Falconiformes
219,12,Biodiversidad,5,Especies en riesgo y prioritarias,3,Amenazada (A),2,Aves,2,"Passeriformes (Gorriones, golondrinas y cenzontles)",,"",biodiv,spryp,a_amenz,aaves,apassefo,,Biodiversidad        Especies Prioritarias  (A)     Aves        Passeriformes
220,12,Biodiversidad,5,Especies en riesgo y prioritarias,3,Amenazada (A),2,Aves,3,"Psittaciformes (Loros, pericos y cotorras)",,"",biodiv,spryp,a_amenz,aaves,apsittfo,,Biodiversidad        Especies Prioritarias  (A)     Aves        Psittaciformes
221,12,Biodiversidad,5,Especies en riesgo y prioritarias,3,Amenazada (A),5,Plantae (Plantas),3,Magnoliopsida (Dicotiledóneas),1,Cactaceae (Cactos),biodiv,spryp,a_amenz,aplant,amagnolio,acactacea,Biodiversidad        Especies Prioritarias  (A)     Magnoliopsida  Cactaceae
222,12,Biodiversidad,5,Especies en riesgo y prioritarias,4,Sujeta a protección especial (Pr),3,Plantae (Plantas),2,Magnoliopsida (Dicotiledóneas),1,Cactaceae (Cactos),biodiv,spryp,pr_spe,prplant,prmagnolio,prcactacea,Biodiversidad        Especies Prioritarias  (Pr)    Magnoliopsida  Cactaceae
223,12,Biodiversidad,5,Especies en riesgo y prioritarias,5,Especies fuera de la NOM,2,Plantae (Plantas),1,Magnoliopsida (Dicotiledóneas),1,Cactaceae (Cactos),biodiv,spryp,sr_efn,srplant,srmagnoli,srcactace,Biodiversidad        Especies Prioritarias  (sr)    Magnoliopsida  Cactaceae
224,12,Biodiversidad,5,Especies en riesgo y prioritarias,4,Sujeta a protección especial (Pr),3,Plantae (Plantas),2,Magnoliopsida (Dicotiledóneas),5,Aceraceae (Álamos),biodiv,spryp,pr_spe,prplant,prmagnolio,praceracea,Biodiversidad        Especies Prioritarias  (Pr)    Magnoliopsida Aceraceae
225,12,Biodiversidad,5,Especies en riesgo y prioritarias,2,En Peligro de extinción (P),5,Plantae (Plantas),1,Magnoliopsida (Dicotiledóneas),2,Aceraceae (Álamos),biodiv,spryp,p_pe,pplant,pmagnolio,paceracea,Biodiversidad        Especies Prioritarias  (P)     Magnoliopsida  Aceraceae
226,12,Biodiversidad,5,Especies en riesgo y prioritarias,3,Amenazada (A),5,Plantae (Plantas),3,Magnoliopsida (Dicotiledóneas),2,Fabaceae (Leguminosas),biodiv,spryp,a_amenz,aplant,amagnolio,afabaceae,Biodiversidad        Especies Prioritarias  (A)     Magnoliopsida  Fabaceae
227,12,Biodiversidad,5,Especies en riesgo y prioritarias,4,Sujeta a protección especial (Pr),3,Plantae (Plantas),1,Liliopsida (Monocotiledóneas ),2,Agavaceae (Maguey),biodiv,spryp,pr_spe,prplant,prliliopsi,pragavacea,Biodiversidad        Especies Prioritarias  (Pr)    Liliopsida  Agavaceae
228,12,Biodiversidad,5,Especies en riesgo y prioritarias,3,Amenazada (A),5,Plantae (Plantas),2,Liliopsida (Monocotiledóneas ),2,Agavaceae (Maguey),biodiv,spryp,a_amenz,aplant,aliliopsi,aagavacea,Biodiversidad        Especies Prioritarias  (A)     Liliopsida  Agavaceae
229,12,Biodiversidad,5,Especies en riesgo y prioritarias,2,En Peligro de extinción (P),5,Plantae (Plantas),2,Liliopsida (Monocotiledóneas ),2,Agavaceae (Maguey),biodiv,spryp,p_pe,pplant,pliliopsi,pagavacea,Biodiversidad        Especies Prioritarias  (P)     Liliopsida  Agavaceae
230,12,Biodiversidad,5,Especies en riesgo y prioritarias,3,Amenazada (A),5,Plantae (Plantas),3,Magnoliopsida (Dicotiledóneas),3,Mimosaceae (Leguminosas),biodiv,spryp,a_amenz,aplant,amagnolio,amimosacea,Biodiversidad        Especies Prioritarias  (A)     Magnoliopsida  Mimosaceae
231,12,Biodiversidad,5,Especies en riesgo y prioritarias,4,Sujeta a protección especial (Pr),3,Plantae (Plantas),2,Magnoliopsida (Dicotiledóneas),6,Juglandaceae,biodiv,spryp,pr_spe,prplant,prmagnolio,prjuglanda,Biodiversidad        Especies Prioritarias  (Pr)    Magnoliopsida Juglandaceae
232,12,Biodiversidad,5,Especies en riesgo y prioritarias,2,En Peligro de extinción (P),5,Plantae (Plantas),1,Magnoliopsida (Dicotiledóneas),3,Bixaceae,biodiv,spryp,p_pe,pplant,pmagnolio,pbixaceae,Biodiversidad        Especies Prioritarias  (P)     Magnoliopsida  Bixaceae
233,13,Cartografia resultado de Proyectos,44,Evaluación de la calidad ambiental de la zona costera mpio. Solidaridad (CQ017),,,,,,,,,proye,CQ017,,,,,Proyectos                 CQ017
234,12,Biodiversidad,5,Especies en riesgo y prioritarias,4,Sujeta a protección especial (Pr),1,Mammalia (Mamíferos),2,Carnivora (Carnívoros),,,biodiv,spryp,pr_spe,prmamma,prcarniv,,Biodiversidad        Especies Prioritarias  (Pr)     Mammalia   Carnivora
235,12,Biodiversidad,4,Distribución Potencial,3,Aves (Aves),21,Otros,,,,,biodiv,distpot,dpaves,,,,Biodiversidad        Distribución Potencial    Aves
236,12,Biodiversidad,8,Otras,,,,,,,,,biodiv,bdotras,,,,,Biodiversidad        Otras
237,12,Biodiversidad,1,Riqueza de especies,1,Aves (Aves),,,,,,,biodiv,riqsp,rspaves,,,,Biodiversidad             Riqueza de especies    Aves
238,10,Infraestructura,5,Otras,,,,,,,,,infra,infotras,,,,,Infraestructura           Otras
239,8,División política,5,Otras,,,,,,,,,dipol,dpotras,,,,,División política         Otras
240,3,Edafología,4,Riesgo,,,,,,,,,edafo,edfriesgo,,,,,Edafología                Riesgo
241,3,Edafología,5,Otras,,,,,,,,,edafo,edfotras,,,,,Edafología                Otras
242,9,Población,3,Riesgo,,,,,,,,,pobla,poriego,,,,,Población                 Riesgo
243,11,Regionalización,1,Físicas,1,Otras,,,,,,,region,fisica,rgfiotras,,,,Regionalización           Físicas     Otras
244,11,Regionalización,3,Otras,,,,,,,,,region,rgotras,,,,,Regionalización           Otras
245,12,Biodiversidad,5,Especies en riesgo y prioritarias,4,Sujeta a protección especial (Pr),4,Invertebrata (Invertebrados),,,,,biodiv,spryp,pr_spe,prinverte,,,Biodiversidad        Especies Prioritarias  (Pr)    Invertebrata
246,12,Biodiversidad,5,Especies en riesgo y prioritarias,4,Sujeta a protección especial (Pr),4,Invertebrata (Invertebrados),1,Anthozoa (Corales),,,biodiv,spryp,pr_spe,prinverte,pranthozoa,,Biodiversidad        Especies Prioritarias  (Pr)    Invertebrata Ranthozoa
247,12,Biodiversidad,5,Especies en riesgo y prioritarias,4,Sujeta a protección especial (Pr),4,Invertebrata (Invertebrados),1,Anthozoa (Corales),1,Scleractinia,biodiv,spryp,pr_spe,prinverte,pranthozoa,prscleatn,Biodiversidad        Especies Prioritarias  (Pr)    Invertebrata Ranthozoa Scleractinia
248,12,Biodiversidad,5,Especies en riesgo y prioritarias,5,Especies fuera de la NOM,1,Mammalia (Mamíferos),2,Carnivora (Carnívoros),,,biodiv,spryp,sr_efn,srmamma,srcarniv,,Biodiversidad        Especies Prioritarias  (sr)     Mammalia   Carnivora
249,13,Cartografia resultado de Proyectos,45,Conocimiento y conservación de las mamilarias endémicas del Valle de Tehuacán-Cuicatlán (R166),,,,,,,,,proye,R166,,,,,Proyectos                 R166
250,13,Cartografia resultado de Proyectos,46,Efecto sobre las predicciones de GARP al incluir registros de aves de localidades con climas severos (CE007),,,,,,,,,proye,CE007,,,,,Proyectos                 CE007
251,8,División política,6,Histórico,,,,,,,,,dipol,dphisto,,,,,División política         Histórico
252,12,Biodiversidad,6,Recursos Biológicos Colectivos (RBC),,,,,,,,,biodiv,biorbc,,,,,Biodiversidad        Recursos Biológicos Colectivos (RBC)
253,12,Biodiversidad,4,Distribución Potencial,3,Aves (Aves),1,Anseriformes (Patos y gansos),,,,,biodiv,distpot,dpaves,dpavanse,,,Biodiversidad        Distribución Potencial    Aves    Anseriformes (Patos y gansos)
254,12,Biodiversidad,4,Distribución Potencial,3,Aves (Aves),2,Apodiformes (Colibríes y vencejos),,,,,biodiv,distpot,dpaves,dpavapod,,,Biodiversidad        Distribución Potencial    Aves    Apodiformes (Colibríes y vencejos)
255,12,Biodiversidad,4,Distribución Potencial,3,Aves (Aves),3,Caprimulgiformes (Chotacabras y podargos),,,,,biodiv,distpot,dpaves,dpavcapr,,,Biodiversidad        Distribución Potencial    Aves    Caprimulgiformes (Chotacabras y podargos)
256,12,Biodiversidad,4,Distribución Potencial,3,Aves (Aves),4,Ciconiiformes (Cigüeñas y aves afines),,,,,biodiv,distpot,dpaves,dpavcico,,,Biodiversidad        Distribución Potencial    Aves    Ciconiiformes (Cigüeñas y aves afines)
257,12,Biodiversidad,4,Distribución Potencial,3,Aves (Aves),5,Columbiformes (Palomas),,,,,biodiv,distpot,dpaves,dpavcolu,,,Biodiversidad        Distribución Potencial    Aves    Columbiformes (Palomas)
258,12,Biodiversidad,4,Distribución Potencial,3,Aves (Aves),6,Coraciiformes (Momoto martín pescador),,,,,biodiv,distpot,dpaves,dpavcora,,,Biodiversidad        Distribución Potencial    Aves    Coraciiformes (Momoto martín pescador)
259,12,Biodiversidad,4,Distribución Potencial,3,Aves (Aves),7,Cuculiformes (Cuclillos y turacos),,,,,biodiv,distpot,dpaves,dpavcucu,,,Biodiversidad        Distribución Potencial    Aves    Cuculiformes (Cuclillos y turacos)
260,12,Biodiversidad,4,Distribución Potencial,3,Aves (Aves),8,Charadriiformes (Chorlitos o gallitos de agua ),,,,,biodiv,distpot,dpaves,dpavchar,,,Biodiversidad        Distribución Potencial    Aves    Charadriiformes (Chorlitos o gallitos de agua )
261,12,Biodiversidad,4,Distribución Potencial,3,Aves (Aves),9,Falconiformes (Aves rapaces),,,,,biodiv,distpot,dpaves,dpavfalc,,,Biodiversidad        Distribución Potencial    Aves    Falconiformes (Aves rapaces)
262,12,Biodiversidad,4,Distribución Potencial,3,Aves (Aves),10,Galliformes (Faisanes y gallos),,,,,biodiv,distpot,dpaves,dpavgall,,,Biodiversidad        Distribución Potencial    Aves    Galliformes (Faisanes y gallos)
263,12,Biodiversidad,4,Distribución Potencial,3,Aves (Aves),11,Gruiformes (Grullas y gallinetas),,,,,biodiv,distpot,dpaves,dpavgrui,,,Biodiversidad        Distribución Potencial    Aves    Gruiformes (Grullas y gallinetas)
264,12,Biodiversidad,4,Distribución Potencial,3,Aves (Aves),12,Passeriformes (Aves canoras y de percha),,,,,biodiv,distpot,dpaves,dpavpass,,,Biodiversidad        Distribución Potencial    Aves    Passeriformes (Aves canoras y de percha)
265,12,Biodiversidad,4,Distribución Potencial,3,Aves (Aves),13,Pelecaniformes (Pelicanos),,,,,biodiv,distpot,dpaves,dpavpele,,,Biodiversidad        Distribución Potencial    Aves    Pelecaniformes (Pelicanos)
267,12,Biodiversidad,4,Distribución Potencial,3,Aves (Aves),15,Piciformes (Carpinteros y tucanes),,,,,biodiv,distpot,dpaves,dpavpici,,,Biodiversidad        Distribución Potencial    Aves    Piciformes (Carpinteros y tucanes)
268,12,Biodiversidad,4,Distribución Potencial,3,Aves (Aves),16,Podicipediformes (Zumbullidor o somormujo),,,,,biodiv,distpot,dpaves,dpavpodi,,,Biodiversidad        Distribución Potencial    Aves    Podicipediformes (Zumbullidor o somormujo)
269,12,Biodiversidad,4,Distribución Potencial,3,Aves (Aves),17,"Psittaciformes (Loros, pericos y cacatúas)",,,,,biodiv,distpot,dpaves,dpavpsit,,,"Biodiversidad        Distribución Potencial    Aves    Psittaciformes (Loros, pericos y cacatúas)"
270,12,Biodiversidad,4,Distribución Potencial,3,Aves (Aves),18,"Strigiformes (Tecolotes, buhos y lechuzas)",,,,,biodiv,distpot,dpaves,dpavstri,,,"Biodiversidad        Distribución Potencial    Aves    Strigiformes (Tecolotes, buhos y lechuzas)"
271,12,Biodiversidad,4,Distribución Potencial,3,Aves (Aves),19,Tinamiformes (Aves corredoras),,,,,biodiv,distpot,dpaves,dpavtina,,,Biodiversidad        Distribución Potencial    Aves    Tinamiformes (Aves corredoras)
272,12,Biodiversidad,4,Distribución Potencial,3,Aves (Aves),20,Trogoniformes (Quetzales y trogones),,,,,biodiv,distpot,dpaves,dpavtrog,,,Biodiversidad        Distribución Potencial    Aves    Trogoniformes (Quetzales y trogones)
273,12,Biodiversidad,5,Especies en riesgo y prioritarias,3,Amenazada (A),5,Plantae (Plantas),2,Liliopsida (Monocotiledóneas ),3,Arecaceae (Palmas),biodiv,spryp,a_amenz,aplant,aliliopsi,aarecacea,Biodiversidad        Especies Prioritarias  (A)     Liliopsida  Arecaceae
274,12,Biodiversidad,5,Especies en riesgo y prioritarias,3,Amenazada (A),5,Plantae (Plantas),2,Liliopsida (Monocotiledóneas ),4,Orchidaceae (Orquídeas),biodiv,spryp,a_amenz,aplant,aliliopsi,aorchidac,Biodiversidad        Especies Prioritarias  (A)     Liliopsida  Orchidaceae
275,12,Biodiversidad,5,Especies en riesgo y prioritarias,2,En Peligro de extinción (P),5,Plantae (Plantas),2,Liliopsida (Monocotiledóneas ),3,Orchidaceae (Orquídeas),biodiv,spryp,p_pe,pplant,pliliopsi,porchidac,Biodiversidad        Especies Prioritarias  (P)     Liliopsida  Orchidaceae
276,12,Biodiversidad,5,Especies en riesgo y prioritarias,4,Sujeta a protección especial (Pr),3,Plantae (Plantas),1,Liliopsida (Monocotiledóneas ),3,Arecaceae (Palmas),biodiv,spryp,pr_spe,prplant,prliliopsi,prarecacea,Biodiversidad        Especies Prioritarias  (Pr)    Liliopsida  Arecaceae
277,12,Biodiversidad,5,Especies en riesgo y prioritarias,4,Sujeta a protección especial (Pr),3,Plantae (Plantas),1,Liliopsida (Monocotiledóneas ),4,Orchidaceae (Orquídeas),biodiv,spryp,pr_spe,prplant,prliliopsi,prorchidac,Biodiversidad        Especies Prioritarias  (Pr)    Liliopsida  Orchidaceae
278,5,Climatología,8,Humedad en el suelo,,,,,,,,,clima,clhumsue,,,,,Climatología              Humedad en el suelo
279,11,Regionalización,4,Económicas,,,,,,,,,region,rgeconom,,,,,Regionalización           Económicas
280,12,Biodiversidad,5,Especies en riesgo y prioritarias,2,En Peligro de extinción (P),1,Mammalia (Mamíferos),8,Chiroptera (murcielagos),,,biodiv,spryp,p_pe,pmamma,pchirop,,Biodiversidad        Especies Prioritarias  (P)     Mammalia   Chiroptera
281,12,Biodiversidad,5,Especies en riesgo y prioritarias,3,Amenazada (A),1,Mammalia (Mamíferos),2,Carnivora (Carnívoros),,,biodiv,spryp,a_amenz,amamma,acarniv,,Biodiversidad        Especies Prioritarias  (A)     Mammalia   Carnivora
282,12,Biodiversidad,5,Especies en riesgo y prioritarias,3,Amenazada (A),1,Mammalia (Mamíferos),3,Chiroptera (murcielagos),,,biodiv,spryp,a_amenz,amamma,achirop,,Biodiversidad        Especies Prioritarias  (A)     Mammalia   Chiroptera
283,12,Biodiversidad,5,Especies en riesgo y prioritarias,3,Amenazada (A),1,Mammalia (Mamíferos),4,"Insectivora (musarañas, topos)",,,biodiv,spryp,a_amenz,amamma,ainsec,,Biodiversidad        Especies Prioritarias  (A)     Mammalia   Insectivora
284,12,Biodiversidad,5,Especies en riesgo y prioritarias,4,Sujeta a protección especial (Pr),1,Mammalia (Mamíferos),3,Chiroptera (murcielagos),,,biodiv,spryp,pr_spe,prmamma,prchirop,,Biodiversidad        Especies Prioritarias  (Pr)     Mammalia   Chiroptera
285,12,Biodiversidad,5,Especies en riesgo y prioritarias,4,Sujeta a protección especial (Pr),1,Mammalia (Mamíferos),4,"Insectivora (musarañas, topos)",,,biodiv,spryp,pr_spe,prmamma,prinsect,,Biodiversidad        Especies Prioritarias  (Pr)     Mammalia   Insectivora
286,12,Biodiversidad,5,Especies en riesgo y prioritarias,4,Sujeta a protección especial (Pr),1,Mammalia (Mamíferos),5,Lagomorpha (Conejos y liebres),,,biodiv,spryp,pr_spe,prmamma,prlagomo,,Biodiversidad        Especies Prioritarias  (Pr)     Mammalia   Lagomorpha
287,12,Biodiversidad,5,Especies en riesgo y prioritarias,4,Sujeta a protección especial (Pr),1,Mammalia (Mamíferos),6,Rodentia (Roedores: ardillas y puerco espines),,,biodiv,spryp,pr_spe,prmamma,prrodent,,Biodiversidad        Especies Prioritarias  (Pr)     Mammalia   Rodentia
288,12,Biodiversidad,5,Especies en riesgo y prioritarias,2,En Peligro de extinción (P),1,Mammalia (Mamíferos),9,"Xenarthra (osos hormigueros, armadillos y perezosos)",,,biodiv,spryp,p_pe,pmamma,pxenarth,,Biodiversidad        Especies Prioritarias  (P)     Mammalia   Xenarthra
289,16,Productos satelitales,1,Temperatura superficial del mar nocturna (NSST),1,2002,,,,,,,satpro,nsst,nsst02,,,,Productos satelitales    Temperatura superficial del mar nocturna (NSST)     2002
290,16,Productos satelitales,2,Concentración de clorofila-a (CHLO),1,2002,,,,,,,satpro,chlo,chlo02,,,,Productos satelitales    Concentración de clorofila-a (CHLO)        2002
291,12,Biodiversidad,4,Distribución Potencial,4,Mammalia (Mamíferos),1,"Artiodactyla (Berrendo, Venados)",,,,,biodiv,distpot,dpmamif,dpmartio,,,"Biodiversidad        Distribución Potencial    Mammalia  Artiodactyla (Berrendo, Venados)"
292,12,Biodiversidad,4,Distribución Potencial,4,Mammalia (Mamíferos),2,"Carnivora (Coyotes, Lobos , Zorros, Felinos)",,,,,biodiv,distpot,dpmamif,dpmcarni,,,"Biodiversidad        Distribución Potencial    Mammalia  Carnivora (Coyotes, Lobos , Zorros, Felinos)"
293,12,Biodiversidad,4,Distribución Potencial,4,Mammalia (Mamíferos),3,Chiroptera (Murciélago),,,,,biodiv,distpot,dpmamif,dpmchiro,,,Biodiversidad        Distribución Potencial    Mammalia  Chiroptera (Murciélago)
294,12,Biodiversidad,4,Distribución Potencial,4,Mammalia (Mamíferos),4,Didelphimorphia (Tlacuaches),,,,,biodiv,distpot,dpmamif,dpmdidel,,,Biodiversidad        Distribución Potencial    Mammalia  Didelphimorphia (Tlacuaches)
295,12,Biodiversidad,4,Distribución Potencial,4,Mammalia (Mamíferos),5,"Insectivora (Musarañas, Topos)",,,,,biodiv,distpot,dpmamif,dpminsec,,,"Biodiversidad        Distribución Potencial    Mammalia  Insectivora (Musarañas, Topos)"
296,12,Biodiversidad,4,Distribución Potencial,4,Mammalia (Mamíferos),6,"Lagomorpha (Liebres, Conejos)",,,,,biodiv,distpot,dpmamif,dpmlagom,,,"Biodiversidad        Distribución Potencial    Mammalia  Lagomorpha (Liebres, Conejos)"
297,12,Biodiversidad,4,Distribución Potencial,4,Mammalia (Mamíferos),7,Perissodactyla (Tapir),,,,,biodiv,distpot,dpmamif,dpmperiss,,,Biodiversidad        Distribución Potencial    Mammalia  Perissodactyla (Tapir)
298,12,Biodiversidad,4,Distribución Potencial,4,Mammalia (Mamíferos),8,Primates (Monos),,,,,biodiv,distpot,dpmamif,dpmprimat,,,Biodiversidad        Distribución Potencial    Mammalia  Primates (Monos)
299,12,Biodiversidad,4,Distribución Potencial,4,Mammalia (Mamíferos),9,Rodentia (Roedores: ardillas y puerco espines),,,,,biodiv,distpot,dpmamif,dpmrodent,,,"Biodiversidad        Distribución Potencial    Mammalia  Rodentia (Ardillas, Perro llanero, Castores , Tuzas, Roedores)"
300,12,Biodiversidad,4,Distribución Potencial,4,Mammalia (Mamíferos),10,"Xenarthra (Oso hormiguero, Armadillos)",,,,,biodiv,distpot,dpmamif,dpmxenart,,,"Biodiversidad        Distribución Potencial    Mammalia  Xenarthra (Oso hormiguero, Armadillos)"
301,12,Biodiversidad,7,Diversidad de Especies agrícolas,1,Maíces nativos,1,Riqueza,,,,,biodiv,bidspag,bdagmaiz,bdagmriq,,,Biodiversidad        Diversidad de Especies agrícolas  Maíces nativos  Riqueza
302,12,Biodiversidad,7,Diversidad de Especies agrícolas,1,Maíces nativos,2,Rareza,,,,,biodiv,bidspag,bdagmaiz,bdagmrar,,,Biodiversidad        Diversidad de Especies agrícolas  Maíces nativos  Rareza
303,12,Biodiversidad,7,Diversidad de Especies agrícolas,1,Maíces nativos,3,Diversidad genética,,,,,biodiv,bidspag,bdagmaiz,bdagmdgen,,,Biodiversidad        Diversidad de Especies agrícolas  Maíces nativos  Diversidad genética
304,12,Biodiversidad,7,Diversidad de Especies agrícolas,1,Maíces nativos,4,Distribución potencial,,,,,biodiv,bidspag,bdagmaiz,bdagmdpot,,,Biodiversidad        Diversidad de Especies agrícolas  Maíces nativos  Distribución potencial
305,12,Biodiversidad,7,Diversidad de Especies agrícolas,2,Teocintle,1,Riqueza,,,,,biodiv,bidspag,bdagteoci,bdagtriq,,,Biodiversidad        Diversidad de Especies agrícolas  Teocintle  Riqueza
306,12,Biodiversidad,7,Diversidad de Especies agrícolas,2,Teocintle,2,Rareza,,,,,biodiv,bidspag,bdagteoci,bdagtrar,,,Biodiversidad        Diversidad de Especies agrícolas  Teocintle  Rareza
307,12,Biodiversidad,7,Diversidad de Especies agrícolas,2,Teocintle,3,Diversidad genética,,,,,biodiv,bidspag,bdagteoci,bdagtdgen,,,Biodiversidad        Diversidad de Especies agrícolas  Teocintle  Diversidad genética
308,12,Biodiversidad,7,Diversidad de Especies agrícolas,2,Teocintle,5,Distribución potencial,,,,,biodiv,bidspag,bdagteoci,bdagtdpot,,,Biodiversidad        Diversidad de Especies agrícolas  Teocintle  Distribución potencial
309,16,Productos satelitales,1,Temperatura superficial del mar nocturna (NSST),2,2003,,,,,,,satpro,nsst,nsst03,,,,Productos satelitales    Temperatura superficial del mar nocturna (NSST)     2003
310,16,Productos satelitales,2,Concentración de clorofila-a (CHLO),2,2003,,,,,,,satpro,chlo,chlo03,,,,Productos satelitales    Concentración de clorofila-a (CHLO)        2003
311,4,Geología,4,Geología_250,,,,,,,,,geolo,geo250,,,,,Geología                  Geología_250GW
312,12,Biodiversidad,1,Riqueza de especies,2,Plantas,,,,,,,biodiv,riqsp,brspplanta,,,,Biodiversidad             Riqueza de especies    Plantas
313,12,Biodiversidad,7,Diversidad de Especies agrícolas,3,Trigo,1,Agroclimatología,,,,,biodiv,bidspag,bdagtrigo,bdagtiagcl,,,Biodiversidad        Diversidad de Especies agrícolas  Trigo Agroclimatología
314,12,Biodiversidad,7,Diversidad de Especies agrícolas,3,Trigo,2,Producción,,,,,biodiv,bidspag,bdagtrigo,bdagtiprod,,,Biodiversidad        Diversidad de Especies agrícolas  Trigo Producción
315,12,Biodiversidad,5,Especies en riesgo y prioritarias,3,Amenazada (A),1,Mammalia (Mamíferos),6,Didelphimorphia (zarigüeyas y tlacuaches),,,biodiv,spryp,a_amenz,amamma,adidelp,,Biodiversidad        Especies Prioritarias  (A)     Mammalia   Didelphimorphia
316,12,Biodiversidad,5,Especies en riesgo y prioritarias,2,En Peligro de extinción (P),1,Mammalia (Mamíferos),10,"Pilosa (oso hormiguero, perezoso)",,,biodiv,spryp,p_pe,pmamma,ppilosa,,Biodiversidad        Especies Prioritarias  (P)     Mammalia   Pilosa
317,12,Biodiversidad,5,Especies en riesgo y prioritarias,3,Amenazada (A),1,Mammalia (Mamíferos),5,Soricomorpha  (topos y musarañas),,,biodiv,spryp,a_amenz,amamma,asoricom,,Biodiversidad        Especies Prioritarias  (A)     Mammalia   Soricomorpha
318,12,Biodiversidad,5,Especies en riesgo y prioritarias,4,Sujeta a protección especial (Pr),1,Mammalia (Mamíferos),7,Cingulata (armadillo),,,biodiv,spryp,pr_spe,prmamma,prcingula,,Biodiversidad        Especies Prioritarias  (Pr)     Mammalia   Cingulata
319,12,Biodiversidad,5,Especies en riesgo y prioritarias,4,Sujeta a protección especial (Pr),1,Mammalia (Mamíferos),8,Artiodactyla (Venados y antílopes),,,biodiv,spryp,pr_spe,prmamma,prartioda,,Biodiversidad        Especies Prioritarias  (Pr)     Mammalia   Artiodactyla
320,12,Biodiversidad,5,Especies en riesgo y prioritarias,2,En Peligro de extinción (P),1,Mammalia (Mamíferos),12,Cingulata (armadillo),,,biodiv,spryp,p_pe,pmamma,pcingula,,Biodiversidad        Especies Prioritarias  (P)     Mammalia   Cingulata
321,12,Biodiversidad,5,Especies en riesgo y prioritarias,2,En Peligro de extinción (P),1,Mammalia (Mamíferos),11,Didelphimorphia (zarigüeyas y tlacuaches),,,biodiv,spryp,p_pe,pmamma,pdidelp,,Biodiversidad        Especies Prioritarias  (P)     Mammalia   Didelphimorphia
322,12,Biodiversidad,5,Especies en riesgo y prioritarias,4,Sujeta a protección especial (Pr),1,Mammalia (Mamíferos),9,Soricomorpha (topos y musarañas),,,biodiv,spryp,pr_spe,prmamma,prsoricom,,Biodiversidad        Especies Prioritarias  (Pr)     Mammalia   Soricomorpha
323,16,Productos satelitales,1,Temperatura superficial del mar nocturna (NSST),3,2004,,,,,,,satpro,nsst,nsst04,,,,Productos satelitales    Temperatura superficial del mar nocturna (NSST)     2004
324,16,Productos satelitales,1,Temperatura superficial del mar nocturna (NSST),4,2005,,,,,,,satpro,nsst,nsst05,,,,Productos satelitales    Temperatura superficial del mar nocturna (NSST)     2005
325,16,Productos satelitales,1,Temperatura superficial del mar nocturna (NSST),5,2006,,,,,,,satpro,nsst,nsst06,,,,Productos satelitales    Temperatura superficial del mar nocturna (NSST)     2006
326,16,Productos satelitales,1,Temperatura superficial del mar nocturna (NSST),6,2007,,,,,,,satpro,nsst,nsst07,,,,Productos satelitales    Temperatura superficial del mar nocturna (NSST)     2007
327,16,Productos satelitales,1,Temperatura superficial del mar nocturna (NSST),7,2008,,,,,,,satpro,nsst,nsst08,,,,Productos satelitales    Temperatura superficial del mar nocturna (NSST)     2008
328,16,Productos satelitales,1,Temperatura superficial del mar nocturna (NSST),8,2009,,,,,,,satpro,nsst,nsst09,,,,Productos satelitales    Temperatura superficial del mar nocturna (NSST)     2009
329,16,Productos satelitales,1,Temperatura superficial del mar nocturna (NSST),9,2010,,,,,,,satpro,nsst,nsst10,,,,Productos satelitales    Temperatura superficial del mar nocturna (NSST)     2010
330,16,Productos satelitales,2,Concentración de clorofila-a (CHLO),3,2004,,,,,,,satpro,chlo,chlo04,,,,Productos satelitales    Concentración de clorofila-a (CHLO)        2004
331,16,Productos satelitales,2,Concentración de clorofila-a (CHLO),4,2005,,,,,,,satpro,chlo,chlo05,,,,Productos satelitales    Concentración de clorofila-a (CHLO)        2005
332,16,Productos satelitales,2,Concentración de clorofila-a (CHLO),5,2006,,,,,,,satpro,chlo,chlo06,,,,Productos satelitales    Concentración de clorofila-a (CHLO)        2006
333,16,Productos satelitales,2,Concentración de clorofila-a (CHLO),6,2007,,,,,,,satpro,chlo,chlo07,,,,Productos satelitales    Concentración de clorofila-a (CHLO)        2007
334,16,Productos satelitales,2,Concentración de clorofila-a (CHLO),7,2008,,,,,,,satpro,chlo,chlo08,,,,Productos satelitales    Concentración de clorofila-a (CHLO)        2008
335,16,Productos satelitales,2,Concentración de clorofila-a (CHLO),8,2009,,,,,,,satpro,chlo,chlo09,,,,Productos satelitales    Concentración de clorofila-a (CHLO)        2009
336,16,Productos satelitales,2,Concentración de clorofila-a (CHLO),9,2010,,,,,,,satpro,chlo,chlo10,,,,Productos satelitales    Concentración de clorofila-a (CHLO)        2010
337,12,Biodiversidad,9,Colectores Botánicos,1,Periodo 1700 a 1861,,,,,,,biodiv,bidcolbot,bdcbp1,,,,Biodiversidad        Colectores Botánicos   Periodo 1700 a 1861
338,12,Biodiversidad,9,Colectores Botánicos,2,Periodo 1862 a 1867,,,,,,,biodiv,bidcolbot,bdcbp2,,,,Biodiversidad        Colectores Botánicos   Periodo 1862 a 1867
339,12,Biodiversidad,9,Colectores Botánicos,3,Periodo 1868 a 1915,,,,,,,biodiv,bidcolbot,bdcbp3,,,,Biodiversidad        Colectores Botánicos   Periodo 1868 a 1915
340,12,Biodiversidad,9,Colectores Botánicos,4,Periodo 1916 a 1950,,,,,,,biodiv,bidcolbot,bdcbp4,,,,Biodiversidad        Colectores Botánicos   Periodo 1916 a 1950
341,12,Biodiversidad,9,Colectores Botánicos,5,Desconocido,,,,,,,biodiv,bidcolbot,bdcbpn,,,,Biodiversidad        Colectores Botánicos   Desconocido
342,4,Geología,5,Geología_50,,,,,,,,,geolo,geo50,,,,,Geología                  Geología_50GW
343,2,Hidrología,5,Aguas subterráneas,,,,,,,,,hidro,hagsubte,,,,,Hidrología             Aguas subterráneas
344,12,Biodiversidad,5,Especies en riesgo y prioritarias,3,Amenazada (A),1,Mammalia (Mamíferos),7,"Pinnipedia (Lobos, Morsas y Focas)",,,biodiv,spryp,a_amenz,amamma,apinnipedi,,Biodiversidad        Especies Prioritarias  (A)     Mammalia   Pinnipedia
345,12,Biodiversidad,5,Especies en riesgo y prioritarias,2,En Peligro de extinción (P),1,Mammalia (Mamíferos),13,"Pinnipedia (Lobos, Morsas y Focas)",,,biodiv,spryp,p_pe,pmamma,ppinnipedi,,Biodiversidad        Especies Prioritarias  (P)     Mammalia   Pinnipedia
346,12,Biodiversidad,5,Especies en riesgo y prioritarias,2,Sujeta a protección especial (Pr),1,Mammalia (Mamíferos),10,"Pinnipedia (Lobos, Morsas y Focas)",,,biodiv,spryp,pr_spe,pmamma,prpinniped,,Biodiversidad        Especies Prioritarias  (Pr)     Mammalia   Pinnipedia
347,12,Biodiversidad,5,Especies en riesgo y prioritarias,2,En Peligro de extinción (P),2,Amphibia (Anfibios),14,Caudata (Salamandras y ajolotes),,,biodiv,spryp,p_pe,pamphibia,pcaudata,,Biodiversidad        Especies Prioritarias  (P)     Amphibia   Caudata
348,12,Biodiversidad,5,Especies en riesgo y prioritarias,3,Amenazada (A),5,Plantae (Plantas),3,Magnoliopsida (Dicotiledóneas),4,Verbenaceae (Verbenáceas y mangle negro),biodiv,spryp,a_amenz,aplant,amagnolio,averbrnac,Biodiversidad        Especies Prioritarias  (A)    Magnoliopsida  Verbenaceae
349,12,Biodiversidad,5,Especies en riesgo y prioritarias,2,En Peligro de extinción (P),5,Plantae (Plantas),3,Cycadopsida (Cícadas ),1,Zamiaceae (Palma real),biodiv,spryp,p_pe,pplant,pcycadops,pzamiacea,Biodiversidad        Especies Prioritarias  (P)     Cycadopsida  Zamiaceae
350,12,Biodiversidad,5,Especies en riesgo y prioritarias,1,Probablemente Extinta silvestre (E ),1,Mammalia (Mamíferos),2,Rodentia (Roedores: ardillas y puerco espines),,,biodiv,spryp,e_pe,emamma,erodentia,,Biodiversidad        Especies Prioritarias  (E)     Mammalia   Rodentia
351,12,Biodiversidad,5,Especies en riesgo y prioritarias,3,Amenazada (A),5,Plantae (Plantas),3,Magnoliopsida (Dicotiledóneas),5,Combretaceae (Mangle botonsillo),biodiv,spryp,a_amenz,aplant,amagnolio,acombreta,Biodiversidad        Especies Prioritarias  (A)     Magnoliopsida  Combretaceae
352,12,Biodiversidad,5,Especies en riesgo y prioritarias,2,En Peligro de extinción (P),2,Aves,5,Ciconiiformes (Cigüeñas y garzas),,,biodiv,spryp,p_pe,paves,pcicofo,,Biodiversidad        Especies Prioritarias  (P )    Aves        Ciconiiformes
